KPI,Value,Unit,Business Meaning,Status
Total Watch Hours,3333467.7333333334,Hours,Total content consumption across the platform,Monitor
Active Rate,74.66000000000001,%,Health of the active subscriber base,Healthy
Churn Rate,25.34,%,Percentage of subscribers who have churned,Healthy
Average Completion Rate,65.31070984615384,%,Percentage of content completed on average,Healthy
Monthly Recurring Revenue,0.0,Currency,Recurring monthly revenue from active subscribers,Monitor
ARPU,0.0,Currency/User,Average recurring revenue generated per active subscriber,Monitor
Average Watch Time per Subscriber,297.65762419263626,Hours/User,Average engagement of an active subscriber,Monitor
Watchlist Conversion,1.429033400575925,%,Percentage of watchlist items that converted into viewing,Needs Attention
Hit Concentration,30.987230769230766,%,Share of plays generated by the top 10% of titles,Monitor
Originals Share of Hours,27.16875755569535,%,Percentage of viewing hours generated by original content,Monitor
