cohort_month,3_Month_Retention,6_Month_Retention,12_Month_Retention
2016-01,,,
2016-02,,,
2016-03,0.0,0.0,8.333333333333332
2016-04,,,
2016-05,0.0,0.0,5.0
2016-06,,,
2016-07,,,
2016-08,,,
2016-09,,,
2016-10,,,
2016-11,,,
2016-12,,,
2017-01,,,
2017-02,,,
2017-03,,,
2017-04,,,
2017-05,0.0,0.0,1.9230769230769231
2017-06,,,
2017-07,1.8181818181818181,0.0,0.0
2017-08,,,
2017-09,0.0,0.0,1.9607843137254901
2017-10,1.5384615384615385,0.0,0.0
2017-11,0.0,1.8181818181818181,0.0
2017-12,0.0,1.4084507042253522,1.4084507042253522
2018-01,,,
2018-02,,,
2018-03,0.0,0.0,1.4084507042253522
2018-04,0.0,2.8169014084507045,1.4084507042253522
2018-05,1.9607843137254901,0.0,0.0
2018-06,0.0,0.0,1.2048192771084338
2018-07,,,
2018-08,1.2987012987012987,0.0,0.0
2018-09,2.73972602739726,0.0,1.36986301369863
2018-10,0.0,0.0,4.166666666666666
2018-11,1.2048192771084338,1.2048192771084338,0.0
2018-12,2.5316455696202533,0.0,0.0
2019-01,1.2345679012345678,0.0,0.0
2019-02,2.4390243902439024,1.2195121951219512,3.6585365853658534
2019-03,0.0,0.0,1.2658227848101267
2019-04,,,
2019-05,2.4691358024691357,1.2345679012345678,0.0
2019-06,0.0,1.0638297872340425,2.127659574468085
2019-07,0.0,2.1505376344086025,4.301075268817205
2019-08,0.0,2.083333333333333,3.125
2019-09,0.0,1.1764705882352942,5.88235294117647
2019-10,0.0,1.098901098901099,0.0
2019-11,0.8928571428571428,1.7857142857142856,1.7857142857142856
2019-12,0.0,2.3529411764705883,2.3529411764705883
2020-01,0.9708737864077669,0.0,3.8834951456310676
2020-02,0.0,3.4782608695652173,2.608695652173913
2020-03,0.0,1.0526315789473684,5.263157894736842
2020-04,1.6666666666666667,0.8333333333333334,4.166666666666666
2020-05,0.0,2.3255813953488373,6.976744186046512
2020-06,2.727272727272727,2.727272727272727,4.545454545454546
2020-07,0.0,1.7094017094017095,1.7094017094017095
2020-08,1.5384615384615385,5.384615384615385,7.6923076923076925
2020-09,0.0,3.5398230088495577,2.6548672566371683
2020-10,3.3057851239669422,1.6528925619834711,5.785123966942149
2020-11,0.0,1.680672268907563,4.201680672268908
2020-12,3.3333333333333335,0.8333333333333334,2.5
2021-01,0.0,1.5625,7.8125
2021-02,1.7699115044247788,1.7699115044247788,5.3097345132743365
2021-03,0.8849557522123894,3.5398230088495577,3.5398230088495577
2021-04,0.7936507936507936,1.5873015873015872,3.1746031746031744
2021-05,0.7407407407407408,4.444444444444445,7.4074074074074066
2021-06,1.7094017094017095,5.128205128205128,5.982905982905983
2021-07,1.36986301369863,2.73972602739726,8.904109589041095
2021-08,2.380952380952381,5.555555555555555,11.904761904761903
2021-09,2.142857142857143,2.142857142857143,10.0
2021-10,1.3793103448275863,4.137931034482759,11.03448275862069
2021-11,1.7857142857142856,2.380952380952381,8.928571428571429
2021-12,0.7936507936507936,7.142857142857142,10.317460317460316
2022-01,1.9736842105263157,4.605263157894736,9.210526315789473
2022-02,0.8547008547008548,2.564102564102564,6.837606837606838
2022-03,2.158273381294964,10.071942446043165,15.107913669064748
2022-04,2.272727272727273,6.8181818181818175,9.848484848484848
2022-05,2.547770700636943,8.9171974522293,13.375796178343949
2022-06,2.515723270440252,5.031446540880504,8.176100628930817
2022-07,2.9197080291970803,6.569343065693431,13.86861313868613
2022-08,1.9607843137254901,2.6143790849673203,15.032679738562091
2022-09,3.6363636363636362,7.2727272727272725,12.121212121212121
2022-10,3.149606299212598,10.236220472440944,23.62204724409449
2022-11,5.442176870748299,7.482993197278912,17.687074829931973
2022-12,5.298013245033113,6.622516556291391,16.55629139072848
2023-01,5.952380952380952,10.119047619047619,23.214285714285715
2023-02,3.6764705882352944,11.029411764705882,16.176470588235293
2023-03,2.941176470588235,7.647058823529412,16.470588235294116
2023-04,5.063291139240507,12.025316455696203,15.18987341772152
2023-05,7.317073170731707,10.365853658536585,18.29268292682927
2023-06,5.389221556886228,10.179640718562874,20.958083832335326
2023-07,9.333333333333334,12.666666666666668,30.0
2023-08,5.161290322580645,15.483870967741936,26.451612903225808
2023-09,6.875000000000001,16.25,30.0
2023-10,12.429378531073446,19.774011299435028,27.683615819209038
2023-11,9.740259740259742,18.83116883116883,31.818181818181817
2023-12,9.18918918918919,17.83783783783784,28.64864864864865
2024-01,11.834319526627219,21.893491124260358,37.278106508875744
2024-02,12.429378531073446,17.51412429378531,28.24858757062147
2024-03,12.121212121212121,22.424242424242426,44.24242424242424
2024-04,9.595959595959595,20.707070707070706,42.92929292929293
2024-05,14.835164835164836,25.82417582417583,51.098901098901095
2024-06,14.285714285714285,23.46938775510204,41.83673469387755
2024-07,12.0,24.571428571428573,43.42857142857143
2024-08,14.210526315789473,25.263157894736842,45.78947368421053
2024-09,23.03370786516854,44.38202247191011,52.80898876404494
2024-10,25.280898876404496,35.95505617977528,56.74157303370787
2024-11,18.07909604519774,41.24293785310734,57.06214689265536
2024-12,27.368421052631582,42.10526315789473,67.36842105263158
2025-01,25.263157894736842,50.0,63.68421052631579
2025-02,36.25730994152047,50.29239766081871,70.17543859649122
2025-03,34.463276836158194,57.6271186440678,87.00564971751412
2025-04,42.63959390862944,58.88324873096447,91.37055837563452
2025-05,46.846846846846844,61.711711711711715,98.64864864864865
2025-06,51.0,75.0,0.0
2025-07,57.333333333333336,69.77777777777779,0.0
2025-08,53.84615384615385,78.28054298642535,0.0
2025-09,70.56074766355141,87.85046728971963,0.0
2025-10,66.16161616161617,94.94949494949495,0.0
2025-11,79.11111111111111,98.66666666666667,0.0
2025-12,85.25345622119815,0.0,0.0
2026-01,98.70689655172413,0.0,0.0
2026-02,100.0,0.0,0.0
2026-03,,,
2026-04,,,
2026-05,,,
